id,name,address
257,  Indriķa Zeberiņa Kuldīgas pamatskola," Jelgavas iela 62, Kuldīga, Kuldīgas novads"
80,  Oskara Kalpaka  Skrindu iela 1(O.Kalpaka Rīgas Tautas daiļamatu pamatskola),
1038,  Rīgas 64. vidusskola," Ūnijas iela 93, Rīga"
1040,  Rīgas Juglas vidusskola," Kvēles iela 64, Rīga"
64,  Rīgas Valdorfa sākumskola, Baltā iela 15
1032,  Rīgas Valsts klasiskā ģimnāzija," Vaidavas iela 6, Rīga"
483,"  Sociālās aprūpes centrs ""Alūksne"""," Ošu iela 5, Alūksne, Alūksnes novads"
985," Aglonas novada pašvaldības iestāde Sociālās aprūpes centrs ""Aglona"""," Salenieku pansionāts, Salenieki, Aglonas pagasts, Preiļu novads"
649, Aglonas vidusskola," Daugavpils iela 6, Aglonas pagasts, Preiļu novads"
350, Aizkraukles novada vidusskola," Draudzības Krastmala 5, Aizkraukle, Aizkraukles novads"
351, Aizkraukles novada vidusskola," Lāčplēša iela 21, Aizkraukle, Aizkraukles novads"
224, Aizkraukles pagasta sākumskola," Kalna iela 6, Aizkraukles pagasts, Aizkraukles novads"
354, Aizkraukles profesionālā vidusskola," Jaunceltnes iela 21, Aizkraukle, Aizkraukles novads"
368, Aizputes pagasta pamatskola," Skola, Rokasbirzīte, Aizputes pagasts, Dienvidkurzemes novads"
256, Aizputes vidusskola," Ziedu iela 7, Aizpute, Dienvidkurzemes novads"
530, Aizupes pamatskola," ""Aizupes skola"", Tušķi, Līvbērzes pagasts, Jelgavas novads"
535, Aknīstes vidusskola," Skolas iela 19, Aknīste, Jēkabpils novads"
582, Aleksandra Bieziņa Raiskuma pamatskola," Dzelmes 5, Raiskums, Raiskuma pagasts, Cēsu novads"
787, Aleksandrovas pamatskola," ""Aleksandrovas Skola"", Aleksandrova, Konstantinovas pagasts, Krāslavas novads"
485, Alekseja Grāvīša Liepnas pamatskola," ""Liepnas pamatskola"", Liepna, Liepnas pagasts, Alūksnes novads"
298, Alfrēda Kalniņa Cēsu Mūzikas vidusskola," Lielā Kalēju iela 4, Cēsis, Cēsu novads"
305, Alfrēda Kalniņa Cēsu Mūzikas vidusskola," Raunas iela 12-2, Cēsis, Cēsu novads"
311, Allažu pamatskola," Skolas iela 5, Allaži, Allažu pagasts, Siguldas novads"
901, Alojas Ausekļa vidusskola," Ausekļa iela 1, Aloja, Limbažu novads"
243, Alsungas pamatskola," Skolas iela 11, Alsunga, Kuldīgas novads"
482, Alūksnes novada vidusskola," Kanaviņu iela 14, Alūksne, Alūksnes novads"
481, Alūksnes pilsētas sākumskola," Lielā Ezera iela 26, Alūksne, Alūksnes novads"
286, Amatas pamatskola," Lielā iela 10, Ieriķi, Drabešu pagasts, Cēsu novads"
458, Ances pamatskola," ""Skola"", Ance, Ances pagasts, Ventspils novads"
661, Andreja Eglīša Ļaudonas vidusskola," Skolas iela 2, Ļaudona, Ļaudonas pagasts, Madonas novads"
988, Andreja Pumpura Rīgas 11. pamatskola," Maskavas iela 178, Rīga"
989, Andreja Pumpura Rīgas 11. pamatskola," Maskavas iela 197, Rīga"
169, Andreja Upīša Skrīveru vidusskola," Stacijas laukums 1, Skrīveri, Skrīveru pagasts, Aizkraukles novads"
786, Andrupenes pamatskola," Skolas iela 6, Andrupene, Andrupenes pagasts, Krāslavas novads"
461, Annahites pamatskola," ""Annahites pamatskola"", Stikli, Puzes pagasts, Ventspils novads"
227, Annas Brigaderes pamatskola," ""Annas Brigaderes skola"", Kroņauce, Tērvetes pagasts, Dobeles novads"
631, Antūžu pamatskola," Mežmalas, Variešu pagasts, Jēkabpils novads"
476, Ata Kronvalda Durbes pamatskola," Skolas iela 5A, Durbe, Dienvidkurzemes novads"
231, Auces vidusskola," Jura Mātera 11, Auce, Dobeles novads"
232, Auces vidusskola," Jura Mātera iela 13, Auce, Dobeles novads"
228, Augstkalnes pamatskola," ""Ezerpils"", Augstkalnes pagasts, Dobeles novads"
229, Augstkalnes pamatskola," ""Internāts"", Augstkalnes pagasts, Dobeles novads"
713," Augšdaugavas novada pašvaldības Sociālā atbalsta un aprūpes centrs ""Avots"" struktūrvienības Ģimeniskai videi pietuvinātā pakalpojuma centrs ""Kamoliņš"""," Daugavas iela 2, Krauja, Naujenas pagasts, Augšdaugavas novads"
623, Augšlīgatnes Jaunā sākumskola," Upes iela 2, Augšlīgatne, Līgatnes pagasts, Cēsu novads"
613, Austrumlatvijas Tehnoloģiju vidusskola," Atbrīvošanas aleja 90, Rēzekne"
135, Babītes vidusskola," Jūrmalas iela 17, Piņķi, Babītes pagasts, Mārupes novads"
390, Baldones sākumskola," Daugavas iela 23, Baldone, Ķekavas novads"
119, Baldones vidusskola," Iecavas iela 2, Baldone, Ķekavas novads"
247, Baložu vidusskola," Skolas iela 6, Baloži, Ķekavas novads"
689, Baltinavas vidusskola," Kārsavas iela 22, Baltinava, Baltinavas pagasts, Balvu novads"
319, Balvu Valsts ģimnāzija," Dārza iela 2, Balvi, Balvu novads"
326," Balvu novada pašvaldības ""Pansionāts ""Balvi"""""," Pansionāta apbraucamā iela 1, Celmene,  Kubulu pagasts, Balvu novads"
327, Balvu profesionālā un vispārizglītojošā vidusskola," Vidzemes iela 26, Balvi, Balvu novads"
325, Balvu sākumsskola," Partizānu iela 16, Balvi, Balvu novads"
627, Barkavas Pansionāts," Brīvības iela 9, Barkava, Barkavas pagasts, Madonas novads"
583, Barkavas pamatskola," Skolas iela 1, Barkava, Barkavas pagasts, Madonas novads"
900, Baumaņu Kārļa Viļķenes pamatskola," Briežu Gatve 6A, Viļķene, Viļķenes pagasts, Limbažu novads"
610, Bauskas 2. vidusskola," Dārza iela 9, Bauska, Bauskas novads"
138, Bauskas Valsts ģimnāzija," Uzvaras iela 10, Bauska, Bauskas novads"
137, Bauskas pilsētas pamatskola," Rīgas iela 32, Bauska, Bauskas novads"
883, Bebrenes vispārizglītojošā un profesionālā vidusskola,"  ""Bebrenes muiža"", Bebrene, Bebrenes pagasts, Augšdaugavas novads"
885, Bebrenes vispārizglītojošā un profesionālā vidusskola," PIN ""Tehnikums"", Bebrene, Bebrenes pagasts, Augšdaugavas novads"
218, Bebru pamatskola," Vecbebri, Bebru pagasts, Aizkraukles novads"
267, Bejas pamatskola," ""Bejas Skola"", Jaunalūksnes pagasts, Alūksnes novads"
704, Berģu Mūzikas un mākslas pamatskola," Skolas iela 8, Upesciems, Garkalnes pagasts, Ropažu novads"
148, Bikstu pamatskola," Alejas, Bikstu pagasts, Dobeles novads"
624, Bilskas pamatskola," ""Bilskas Pamatskola"", Bilska, Bilskas pagasts, Smiltenes novads"
544, Birzgales pamatskola," Skolas iela 1, Birzgale, Birzgales pagasts, Ogres novads"
417, Biržu pamatskola," Podvāzes iela 1, Birži, Salas pagasts, Jēkabpils novads"
888, Biķernieku pamatskola," Skolas iela 1, Biķernieki, Biķernieku pagasts, Augšdaugavas novads"
626, Blomes pamatskola," Cēsu Iela 13, Blome, Blomes pagasts, Smiltenes novads"
199, Blīdenes pamatskola," Skolas iela 1, Blīdene, Blīdenes pagasts, Saldus novads"
528, Brenguļu sākumskola," ""Avotkalni"", Brenguļi, Brenguļu pagasts, Valmieras novads"
198, Brocēnu vidusskola," Ezera iela 6, Brocēni, Saldus novads"
197, Brocēnu vidusskola," Skolas iela 1, Brocēni, Saldus novads"
635, Brāļu Skrindu Atašienes vidusskola," Ezerzeme, Atašienes pagasts, Jēkabpils novads"
659, Burtnieku Ausekļa pamatskola," ""Burtnieku Ausekļa pamatskola"", Burtnieku pagasts, Valmieras novads"
147, Bēnes pamatskola," Jelgavas iela 27, Bēne, Bēnes pagasts, Dobeles novads"
976," Bērnu atbalsta centrs ""Dzintari"""," Salmu iela 53, Liepāja"
977," Bērnu atbalsta centrs ""Dzintari"""," Viršu iela 9/11, Liepāja"
340," Bērnu un jauniešu centrs ""Sapņi"""," Sapņi, Irlava, Irlavas pagasts, Tukuma novads"
579, Bērzaunes pamatskola," ""Bērzaunes Pamatskola"", Bērzaune, Bērzaunes pagasts, Madonas novads"
320, Bērzpils pamatskola," Dārza iela 12, Bērzpils pagasts, Balvu novads"
445, Bērzupes speciālā pamatskola," Bērzupītes, Annenieku pagasts, Dobeles novads"
377, Carnikavas pamatskola," Nākotnes iela 1, Carnikava, Ādažu novads"
841, Cesvaines sociālā dienesta Sociālās aprūpes nodaļa," Augusta Saulieša iela 14, Cesvaine, Madonas novads"
628, Cesvaines vidusskola," Madonas iela 1, Cesvaine, Madonas novads"
762, Ciblas vidusskola," ""Ciblas vidusskola"", Cibla, Ciblas pagasts, Ludzas novads"
187, Cieceres pamatskola," Kalnsētas 13, Saldus, Saldus novads"
532, Codes pamatskola," ""Virsaiši"", Code, Codes pagasts, Bauskas novads"
618, Cēres pamatskola," Skolas iela 1, Cēre, Cēres pagasts, Tukuma novads"
306, Cēsu 1. pamatskola," Gaujas iela 17, Cēsis, Cēsu novads"
307, Cēsu 2. pamatskola," Gaujas iela 45, Cēsis, Cēsu novads"
934, Cēsu 2. vakara (maiņu) vidusskola," Līgatnes iela 6, Cēsis, Cēsu novads"
899, Cēsu Bērzaines pamatskola - attīstības centrs," Bērzaines iela 34, Cēsis, Cēsu novads"
897, Cēsu Pilsētas vidusskola," Leona Paegles iela 1, Cēsis, Cēsu novads"
575, Cēsu Valsts ģimnāzija," Leona Paegles iela 1, Cēsis, Cēsu novads"
576, Cēsu pilsētas Pastariņu sākumsskola," Raunas iela 7, Cēsis, Cēsu novads"
577, Cēsu pilsētas pansionāts," Kovārņu iela 20, Cēsis, Cēsu novads"
800, Dagdas vidusskola," Mičurina iela 3A, Dagda, Krāslavas novads"
357, Daudzeses pamatskola," Skola Daudzese, Daudzeses pag., Aizkraukles novads"
979," Daudzfunkcionālais sociālo pakalpojumu centrs ""Vecružina"""," Ezera iela 23A, Vecružina, Silmalas pagasts, Rēzeknes novads"
597, Daugavpils 10. vidusskola," Tautas iela 11, Daugavpils"
596, Daugavpils 11. pamatskola," Arhitektu iela 10, Daugavpils"
598, Daugavpils 12. vidusskola," Jelgavas iela 30a, Daugavpils"
594, Daugavpils 12. vidusskola," Kauņas iela 8, Daugavpils"
722, Daugavpils 13. vidusskola," Valkas iela 4a, Daugavpils"
721, Daugavpils 15. vidusskola," Valkas iela 4, Daugavpils"
647, Daugavpils 16. vidusskola," Aveņu iela 40, Daugavpils"
602, Daugavpils 17. vidusskola," Valmieras iela 5, Daugavpils"
606, Daugavpils Centra vidusskola," Kandavas iela 17, Daugavpils"
605, Daugavpils Saskaņas pamatskola," Parādes iela 7, Daugavpils"
638, Daugavpils Stropu pamatskola - attīstības centrs," Abavas iela 1, Daugavpils"
639, Daugavpils Stropu pamatskola - attīstības centrs," Vaiņodas iela 4, Daugavpils"
640, Daugavpils Tehnoloģiju vidusskola - licejs," Tautas iela 59, Daugavpils"
691, Daugavpils Tirdzniecības profesionālā vidusskola," Miera iela 57, Daugavpils"
648," Daugavpils Universitātes aģentūra ""Daugavpils Universitātes Daugavpils medicīnas koledža"""," Miera iela 3/5, Daugavpils"
608, Daugavpils Valsts ģimnāzija," Cietokšņa iela 33, Daugavpils"
607, Daugavpils Vienības pamatskola," Ģimnāzijas iela 32, Daugavpils"
599, Daugavpils Zinātņu vidusskola (Daugavpils 9. vsk) 18. novembra iela 47, Daugavpils
788, Daugavpils būvniecības tehnikums,"	Brīvības iela 3, Dagda, Krāslavas novads"
935, Daugavpils būvniecības tehnikums," Jātnieku iela 87, Daugavpils"
936, Daugavpils būvniecības tehnikums," Varšavas iela 23, Varšavas iela 21A, Daugavpils"
690, Daugavpils pensionāru sociālās apkalpošanas teritoriālais centrs," 18. novembra iela 354A, Daugavpils"
697, Daugavpils tehnikums," Bauskas iela 23, Daugavpils"
698, Daugavpils tehnikums," Mendeļejeva iela 1, Daugavpils"
696, Daugavpils tehnikums," Strādnieku iela 16, Daugavpils"
924, Daugmales pamatskola," ""Skola"", Daugmale, Daugmales pagasts, Ķekavas novads"
584, Degumnieku pamatskola," Skolas Iela 13, Degumnieki, Ošupes pagasts, Madonas novads"
588, Dekšāru pamatskola," Nākotnes iela 2, Dekšāres, Dekšāres pagasts, Rēzeknes novads"
540, Dignājas pamatskola," ""Dignājas skola"", Dignājas pagasts, Jēkabpils novads"
437, Dobeles 1. vidusskola," Dzirnavu iela 4, Dobele, Dobeles novads"
144, Dobeles Amatniecības un vispārizglītojošā vidusskola," Katoļu iela 1, Dobele, Dobeles novads"
145, Dobeles Valsts ģimnāzija," Dzirnavu iela 2, Dobele, Dobeles novads"
444," Dobeles novada Sociālā dienesta Ģimenes atbalsta centrs ""Lejasstrazdi"""," Namiņš, Lejasstrazdi, Dobeles pagasts, Dobeles novads"
440, Dobeles sākumskola," Dainu iela 8, Dobele, Dobeles novads"
904, Drabešu Jaunā pamatskola," ""Drabešu Skola"", Drabeši, Drabešu pagasts, Cēsu novads"
592, Draudzīgā Aicinājuma Cēsu Valsts Ģimnāzija," Pūces iela 2, Cēsis, Cēsu novads"
512, Draudzīgā aicinājuma Liepājas pilsētas 5. vidusskola," Rīgas iela 50, Liepāja"
587, Dricānu vidusskola," Dricānu Vidusskola, Dricāni, Dricānu pagasts, Rēzeknes novads"
507, Dundagas vidusskola," Saules iela 8, Dundaga, Dundagas pagasts, Talsu novads"
506, Dundagas vidusskola," Talsu iela 18, Dundaga, Dundagas pagasts, Talsu novads"
703, Dzelzavas pamatskola," Dzelzavas Pils, Dzelzava, Dzelzavas pagasts, Madonas novads"
671, Dzelzavas speciālā pamatskola," Kļavu iela 2, Dzelzava, Dzelzavas pagasts, Madonas novads"
339, Dzērbenes vispārizglītojošā un mūzikas pamatskola," Skola, Dzērbene, Dzērbenes pagasts, Cēsu novads"
475, Dzērves pamatskola," Dzērves Skola, Cīravas pagasts, Dienvidkurzemes novads"
152, Dāvja Ozoliņa Apes pamatskola," Pasta iela 26, Ape, Smiltenes novads"
274, Džūkstes pamatskola," Džūkstes Skola, Džūkste, Džūkstes pagasts, Tukuma novads"
155, Edgara Kauliņa Lielvārdes vidusskola," Gaismas iela 17, Lielvārde, Ogres novads"
329, Eglaines pamatskola," Skolas iela 3, Benislava, Lazdukalna pagasts, Balvu novads"
394, Elejas vidusskola," Lietuvas iela 34, Eleja, Elejas pagasts, Jelgavas novads"
392, Elejas vidusskola," Meža prospekts 5, Eleja, Elejas pagasts, Jelgavas novads"
619, Engures vidusskola," Skolas iela 7, Engure, Engures pagasts, Tukuma novads"
265, Ernsta Glika Alūksnes Valsts ģimnāzija," Glika iela 10, Alūksne, Alūksnes novads"
801, Ezernieku vidusskola," ""Gaismēni"", Ezernieki, Ezernieku pagasts, Krāslavas novads"
778, Feimaņu pamatskola," ""Feimaņu Skola"", Feimaņi, Feimaņu pagasts, Rēzeknes novads"
822, Friča Brīvzemnieka pamatskola," Zeļļu iela 4, Rīga"
615, Gaigalavas pamatskola," Skolas iela 5, Rikava, Rikavas pagasts, Rēzeknes novads"
378, Gaismas pamatskola," Kaudzīšu iela 31, Rumbula, Ropažu novads"
201, Gaiķu pamatskola," ""Gaiķu pamatskola"", Vecgaiķi,  Skola slēgta"
680, Galēnu pamatskola," Skolas iela 11, Galēni, Galēnu pagasts, Preiļu novads"
226, Gardenes pamatskola," Priežu iela 21, Gardene, Auru pagasts, Dobeles novads"
376, Garkalnes Mākslu un vispārizglītojošā pamatskola," Vidzemes šoseja 34, Garkalne, Garkalnes pagasts, Ropažu novads"
699, Garlība Merķeļa Lēdurgas pamatskola," Emiļa Melngaiļa iela 6, Lēdurga, Lēdurgas pagasts, Siguldas novads"
571, Garozas pamatskola," Garozas pamatskola, Salgales pagasts, Jelgavas novads"
270, Gaujienas pamatskola," ""Gaismas - 2"", Gaujiena, Gaujienas pagasts, Smiltenes novads"
141, Griķu pamatskola," Visbijas iela 1, Ceraukste, Ceraukstes pagasts, Bauskas novads"
271, Grundzāles pamatskola," Tilta iela 6, Grundzāle, Grundzāles pagasts, Smiltenes novads"
330," Gulbenes novada sociālās aprūpes centra ""Siltais"" struktūrvienība ""Dzērves"""," Daukstes, Daukstu pagasts, Gulbenes novads"
429," Gulbenes novada sociālās aprūpes centrs ""Jaungulbenes Alejas"""," ""Jaungulbenes alejas"", Jaungulbenes pagasts, Gulbenes novads"
426, Gulbenes novada vidusskola," Līkā iela 21, Gulbene, Gulbenes novads"
423, Gulbenes novada vidusskola," Skolas iela 10, Gulbene, Gulbenes novads"
424, Gulbenes novada vidusskola," Skolas iela 10B, Gulbene, Gulbenes novads"
425, Gulbenes novada vidusskola," Skolas iela 12, Gulbene, Gulbenes novads"
428, Gulbīša pamatskola," ""Gulbīša pamatskola"", Gulbītis, Jaungulbenes pagasts, Gulbenes novads"
160, Iecavas pamatskola," Skolas iela 19, Iecava, Iecavas pagasts, Bauskas novads"
159, Iecavas pamatskola," Skolas iela 21, Iecava, Iecavas pagasts, Bauskas novads"
143, Iecavas vidusskola," Skolas iela 37, Iecava, Iecavas pagasts, Bauskas novads"
536, Ikšķiles vidusskola," Skolas iela 2, Ikšķile, Ogres novads"
171, Ilmāra Gaiša Kokneses vidusskola," Parka iela 27, Koknese, Kokneses pagasts, Aizkraukles novads"
776, Ilūkstes Raiņa vidusskola," Raiņa iela 49, Ilūkste, Augšdaugavas novads"
777, Ilūkstes Raiņa vidusskola," Stadiona iela 1, Ilūkste, Augšdaugavas novads"
886, Ilūkstes Raiņa vidusskola," Tirgus laukums 20, Subate, Augšdaugavas novads"
805, Indras pamatskola," Skolas iela 1, Indra, Indras pagasts, Krāslavas novads"
216, Inčukalna pamatskola," Zvaigžņu iela 2, Inčukalns, Inčukalna pagasts, Siguldas novads"
617, Irlavas pamatskola," ""Irlavas Skola"", Irlava, Irlavas pagasts, Tukuma novads"
709, Iļģuciema vidusskola," Dzirciema Iela 109, Rīga"
656, J. Endzelīna Kauguru pamatskola," Kauguri, Kauguru pagasts, Valmieras novads"
929, J. G. Herdera Rīgas Grīziņkalna vidusskola," Lauku iela 9, Rīga"
642, J. Raiņa Daugavpils 6. pamatskola," Komunālā iela 2, Daugavpils"
39, J. Čakstes Liepājas pilsētas 10. vidusskola," Alejas iela 16, Liepāja"
405, J. Čakstes Liepājas pilsētas 10. vidusskola," Krišjāņa Valdemāra iela 35/37, Liepāja"
644, J.Pilsudska Daugavpils valsts poļu ģimnāzija," Marijas iela 1D, Daugavpils"
645, J.Pilsudska Daugavpils valsts poļu ģimnāzija," Varšavas iela 2, Daugavpils"
486, Jaunannas Mūzikas un mākslas pamatskola," Centra ielas 5, Jaunanna, Jaunannas pagasts, Alūksnes novads"
170, Jaunjelgavas vidusskola," Uzvaras iela 1, Jaunjelgava, Aizkraukles novads"
202, Jaunlutriņu sākumskola," Muižas iela 1, Jaunlutriņi, Jaunlutriņu pagasts, Saldus novads"
124, Jaunmārupes pamatskola," Mazcenu aleja 4A, Jaunmārupe, Mārupes novads"
308, Jauno Līderu vidusskola," Strautu iela 4, Līgatne, Cēsu novads"
189, Jaunogres vidusskola," Mālkalnes prospekts 43, Ogre, Ogres novads"
190, Jaunogres vidusskola," Zilokalnu prospekts 14, Ogre, Ogres novads"
219, Jaunpiebalgas vidusskola," Gaujas iela 41, Jaunpiebalga, Jaunpiebalgas pagasts, Cēsu novads"
221, Jaunpiebalgas vidusskola," Priežu iela 8, Jaunpiebalga, Jaunpiebalgas pagasts, Cēsu novads"
462, Jaunpils vidusskola," ""Jaunpils vidusskola"", Jaunpils, Jaunpils pagasts, Tukuma novads"
739, Jaunsilavas pamatskola," Jaunsilavas iela 1, Jaunsilavas, Turku pagasts, Līvānu novads"
566, Jelgavas 4. sākumskola," Pulkveža Oskara Kalpaka iela 34, Jelgava"
173, Jelgavas 4. vidusskola," Akmeņu iela 1, Jelgava"
177, Jelgavas 5. vidusskola," Aspazijas iela 20, Jelgava"
567, Jelgavas Amatu vidusskola," Akadēmijas iela 25, Jelgava"
568, Jelgavas Amatu vidusskola," Elektrības iela 8, Jelgava"
176, Jelgavas Centra pamatskola," Uzvaras iela 10, Jelgava"
175, Jelgavas Mūzikas vidusskola," Lapskalna iela 2, Jelgava"
565, Jelgavas Paula Bendrupa pamatskola," Filozofu iela 50, Jelgava"
174, Jelgavas Pārlielupes pamatskola," Loka maģistrāle 29, Jelgava"
178, Jelgavas Spīdolas Valsts ģimnāzija," Sarmas iela 2, Jelgava"
556, Jelgavas Tehnikums," Pulkveža Oskara Kalpaka iela 37, Jelgava"
533, Jelgavas Tehnoloģiju vidusskola," J. Mātera iela 30, Jelgava"
555, Jelgavas Valsts ģimnāzija," Mātera iela 44, Jelgava"
915," Jelgavas novada Sociālās aprūpes un rehabilitācijas centrs ""Eleja"""," Pilngadīgo personu nodaļa, Lietuvas iela 19A, Eleja, Elejas pagasts, Jelgavas novads"
914," Jelgavas novada Sociālās aprūpes un rehabilitācijas centrs ""Eleja"""," Pilngadīgo personu nodaļa, Parka iela 11, Eleja, Elejas pagasts, Jelgavas novads"
975," Jelgavas novada Sociālās aprūpes un rehabilitācijas centrs ""Eleja"""," Ģimeniskai videi pietuvināts bērnu ilgstošas sociālās aprūpes un sociālās rehabilitācijas institūcijas pakalpojums, Draudzības iela 12A-87, Kalnciems, Jelgavas novads"
913," Jelgavas novada Sociālās aprūpes un rehabilitācijas centrs ""Eleja"""," Ģimeniskai videi pietuvināts bērnu ilgstošas sociālās aprūpes un sociālās rehabilitācijas institūcijas pakalpojums, Lietuvas iela 19, Eleja, Elejas pagasts, Jelgavas novads"
572," Jelgavas novada sociālas aprūpes un rehabilitācijas centrs ""Staļģene"""," Svirlaukas iela 9, Staļģene, Jaunsvirlaukas pagasts, Jelgavas novads"
558," Jelgavas novada sociālās aprūpes un rehabilitācijas centrs ""Kalnciems"""," Lielupes iela 27, Kalnciems, Jelgavas novads"
917," Jelgavas pamatskola ""Valdeka"" - attīstības centrs","	Institūta iela 4, Jelgava"
531," Jelgavas pilsētas pašvaldības iestādes ""Jelgavas sociālo lietu pārvalde"" struktūrvienība Sociālo pakalpojumu centrs bērniem"," Zirgu iela 47A, Jelgava"
895, Jersikas pamatskola," Skolas iela 2, Jersika, Jersikas pagasts, Līvānu novads"
542, Jumpravas pamatskola," Ozolu iela 14, Jumprava, Jumpravas pagasts, Ogres novads"
595, Jura Neikena Dikļu pamatskola," ""Dikļu Skola"", Dikļi, Dikļu pagasts, Valmieras novads"
956, Jāzepa Mediņa Rīgas Mūzikas vidusskola," Stabu iela 10 k-4, Rīga"
653, Jāņa Eglīša Preiļu Valsts ģimnāzija," Kooperatīvā iela 6, Preiļi, Preiļu novads"
781, Jāņa Ivanova Rēzeknes mūzikas vidusskola," Atbrīvošanas aleja 56, Rēzekne"
447, Jēkabpils 2. vidusskola," Jaunā iela 44, Jēkabpils, Jēkabpils novads"
448, Jēkabpils 2. vidusskola," Rīgas iela 200, Jēkabpils, Jēkabpils novads"
449, Jēkabpils 3. vidusskola," Slimnīcas iela 5, Jēkabpils, Jēkabpils novads"
629, Jēkabpils Agrobiznesa koledža Barkavas struktūrvienība," Dzirnavu iela 1, Barkava, Barkavas pagasts, Madonas novads"
384, Jēkabpils Agrobiznesa koledža," Pasta iela 1, Jēkabpils, Jēkabpils novads"
981, Jēkabpils novada pašvaldības aģentūra “Jaunāmuiža”," Jaunā muiža, Kūku pagasts, Jēkabpils novads"
108, Jūrmalas  pamatskola," Dzirnavu iela 59, Jūrmala"
995, Jūrmalas Aspazijas pamatskola," Viestura iela 6, Jūrmala"
104, Jūrmalas Valsts ģimnāzija," Raiņa iela 53, Jūrmala"
113, Jūrmalas pilsētas Jaundubultu vidusskola," Lielupes iela 21, Jūrmala"
106, Jūrmalas pilsētas Mežmalas vidusskola," Rūpniecības iela 13, Jūrmala"
107, Jūrmalas pilsētas pamatskola," Dzirnavu iela 50, Jūrmala"
993, Jūrmalas sociālo pakalpojumu centrs “Jaundubulti”," Ilgstošas sociālās aprūpes daļa, Strēlnieku prospekts 38, Jūrmala"
557, Kalnciema pagasta vidusskola," Lielupes iela 21, Kalnciems, Kalnciema pagasts, Jelgavas novads"
434, Kalnciema vidusskola," ""Kalnciema vidusskola"", Valgundes pagasts, Jelgavas novads"
196, Kalnsētas pamatskola," Kalnsētas 2, Saldus, Saldus novads"
663, Kalsnavas pamatskola," Vesetas iela 6, Jaunkalsnava, Kalsnavas pagasts, Madonas novads"
719, Kalupes pamatskola," Lielā iela 35, Kalupe, Kalupes pagasts, Augšdaugavas novads"
369, Kalvenes pamatskola,"	Skolas iela 1, Kalvene, Kalvenes pagasts, Dienvidkurzemes novads"
371, Kalētu Mūzikas un mākslas pamatskola," Liepu aleja 4, Kalēti, Kalētu pagasts, Dienvidkurzemes novads"
314, Kandavas Kārļa Mīlenbaha vidusskola," Skolas iela 10, Kandava, Tukuma novads"
906, Kandavas Lauksaimniecības tehnikums,"	""Saulaine 12"", Saulaine, Rundāles pagasts, Bauskas novads"
343, Kandavas Lauksaimniecības tehnikums," Pulkveža O.Kalpaka profesionālā vidusskola, Valteru iela 6, Kandava, Tukuma novads"
342, Kandavas Reģionālā pamatskola," Talsu iela 18A, Kandava, Tukuma novads"
952, Kandavas lauksaimniecības tehnikums," ""Cīravas Lauksaimniecības skola"", Cīrava, Cīravas pag., Dienvidkurzemes novads"
115, Kauguru vidusskola," Lēdurgas iela 27, Jūrmala"
114, Kauguru vidusskola," Raiņa iela 118, Jūrmala"
779, Kaunatas vidusskola," Rāznas iela 17, Kaunata, Kaunatas pagasts, Rēzeknes novads"
285, Kocēnu pamatskola," Alejas iela 2, Kocēni, Kocēnu pagasts, Valmieras novads"
172, Kokneses pamatskola - attīstības centrs," Bormaņi, Kokneses pagasts, Aizkraukles novads"
504, Kolkas pamatskola," ""Kolkas pamatskola"", Kolka, Bērnudārzs ""Rūķītis"", Kolka, Kolkas pagasts, Talsu noavds"
505, Kolkas pamatskola," bērnudārzs ""Rūķītis"", Kolka, Kolkas pagasts, Talsu novads"
840, Krimuldas vidusskola,"	Skolas iela 11, Ragana, Krimuldas pagasts, Siguldas novads"
300, Krišjāņa Valdemāra Ainažu pamatskola," Parka iela 12, Ainaži, Limbažu novads"
477, Krotes Kronvalda Ata pamatskola," Krotes Pamatskola, Krote, Bunkas pagasts, Dienvidkurzemes novads"
450, Krustpils pamatskola," Madonas iela 48, Jēkabpils, Jēkabpils novads"
809, Krāslavas  ģimnāzija," Pils iela 5, Krāslava, Krāslavas novads"
812, Krāslavas Varavīksnes vidusskola," N. Rancāna iela 4, Krāslava, Krāslavas novads"
808," Krāslavas bērnu sociālās rehabilitācijas centrs ""Mūsmājas"""," Pils iela 5, Krāslava, Krāslavas novads"
806, Krāslavas gr. Plāteru v.n. Poļu pamatskola," Rēzeknes Iela 39, Krāslava, Krāslavas novads"
804," Krāslavas novada sociālās aprūpes centrs ""Skuķi"""," Skuķi, Skuki, Robežnieku pagasts, Krāslavas novads"
810," Krāslavas veco ļaužu pansionāts ""Priedes"""," Rīgas iela 159, Krāslava, Krāslavas novads"
240, Kuldīgas Mākslas un humanitāro zinību vidusskola," Pētera iela 10, Kuldīga, Kuldīgas novads"
241, Kuldīgas Mākslas un humanitāro zinību vidusskola," Pētera iela 5, Kuldīga, Kuldīgas novads"
236, Kuldīgas Tehnoloģiju un tūrisma tehnikums," Leona Paegles iela 15, Kuldīga, Kuldīgas novads"
237, Kuldīgas Tehnoloģiju un tūrisma tehnikums," Liepājas iela 31, Kuldīga, Kuldīgas novads"
238, Kuldīgas Tehnoloģiju un tūrisma tehnikums," Liepājas iela 33, Kuldīga, Kuldīgas novads"
239, Kuldīgas Tehnoloģiju un tūrisma tehnikums," Pilsētas laukums 6, Kuldīga, Kuldīgas novads"
609, Kusas pamatskola," Skolas iela 3, Kusa, Aronas pagasts, Madonas novads"
731, Kārsavas vidusskola," Vienības iela 101, Kārsava, Kārsavas pagasts, Ludzas novads"
729, LLU Malnavas koledža," Kļavu iela 17, Malnava, Malnavas pagasts, Ludzas novads"
420, Laidu pamatskola," ""Laidu Skola"", Laidi, Laidu pagasts, Kuldīga (skola slēgta, dati līdz 01.07.2022)"
463, Lapmežciema pamatskola," Liepu iela 2, Lapmežciems, Lapmežciema pagasts, Tukuma novads"
959, Latvijas Jūras akadēmijas Jūrskola," Flotes iela 12 k-1, Rīga"
954," Latvijas Universitātes aģentūra ""Latvijas Universitātes Rīgas 1. medicīnas koledža"""," Tomsona iela 37, Rīga"
773, Laucesas pamatskola," Miera iela 28, Mirnijs, Laucesas pagasts, Augšdaugavas novads"
487, Laucienes pamatskola,"  ""Laucienes Pamatskola"", Lauciene, Laucienes pagasts, Talsu novads"
156, Launkalnes sākumskola," Līvu iela 5, Launkalne, Launkalne pagasts, Smiltenes novads"
829, Laurenču sākumskola," Laurenču iela 7, Sigulda, Siguldas novads"
828, Laurenču sākumskola," Puķu iela 2, Sigulda, Siguldas novads"
665, Lazdonas pamatskola," ""Jurģkalni"", Lazdona, Lazdonas pagasts, Madonas novads"
431, Lejasciema vidusskola," Rīgas iela 20, Lejasciems, Lejasciema pagasts, Gulbenes novads"
442, Lejasstrazdu sākumskola," ""Stariņi"", Lejasstrazdi, Dobeles pagasts, Dobeles novads"
560, Lielplatones pamatskola - atbalsta centrs," Lielplatones Skola, Lielplatones pagasts, Jelgavas novads"
191, Lielvārdes pamatskola," Avotu iela 2, Lielvārde, Ogres novads"
211, Liepas pamatskola," Rūpnīcas iela 12, Liepa, Liepas pagasts, Cēsu novads"
469, Liepupes pamatskola," ""Veiksmes"", Liepupe, Limbažu novads"
515, Liepājas 3. pamatskola," Lazaretes iela 8, Liepāja"
514, Liepājas 7. vidusskola," Celmu iela 6, Liepāja"
510, Liepājas 8. vidusskola," Dunikas iela 9/11, Liepāja"
402, Liepājas Centra sākumskola," Toma iela 19, Liepāja"
403, Liepājas Centra sākumskola," Uliha iela 33, Liepāja"
398, Liepājas Ezerkrasta sākumskola," Lauku iela 54, Liepāja"
511, Liepājas Jūrniecības koledža," Uliha iela 5, Liepāja"
36, Liepājas Liedaga vidusskola," Liedaga iela 5, Liepāja"
375, Liepājas Līvupes pamatskola - attīstības centrs," Klaipēdas iela 94, Liepāja"
374, Liepājas Līvupes pamatskola - attīstības centrs," Uliha iela 56, Liepāja"
513, Liepājas Raiņa 6. vidusskola," Ganību iela 106, Liepāja"
965, Liepājas Valsts 1. ģimnāzija," Ausekļa iela 9, Liepāja"
702, Liezēres pamatskola," Jaunatnes iela 3, Ozoli, Liezēres pagasts, Madonas novads"
294, Limbažu Valsts ģimnāzija," Rīgas iela 28, Limbaži, Limbažu novads"
911, Limbažu novada speciālā pamatskola," ""Katvaru Skola"", Katvaru pagasts, Limbažu novads"
612, Limbažu vidusskola," Parka iela 38, Limbaži, Limbažu novads"
430, Lizuma vidusskola," ""Pils"", Lizums, Lizuma pagasts, Gulbenes novads"
586, Lubānas novada sociālā dienesta Lubānas veselības un sociālās aprūpes centrs," Oskara Kalpaka iela 12, Lubāna, Madonas novads"
909, Lubānas vidusskola," Krasta iela 6, Lubāna, Madonas novads"
763, Ludzas 2. vidusskola," Daugavpils būvniecības tehnikums, P.Miglinieka iela 34A, Ludza, Ludzas novads"
723, Ludzas Mūzikas pamatskola," Stacijas iela 45, Ludza, Ludzas novads"
730," Ludzas novada pansionāts ""Mūsmājās"""," Liepu iela 2, Malnava, Malnavas pagasts, Ludzas novads"
766," Ludzas novada sociālās aprūpes centrs ""Ludza"""," ""Pansionāts"", Garbari, Cirmas pagasts, Ludzas novads"
761," Ludzas novada sociālās aprūpes centrs ""Ludza"""," ""Ābelīte"", Istalsna, Isnaudas pagasts, Ludzas novads"
724, Ludzas pilsētas vidusskola," Blaumaņa iela 4, Ludza, Ludzas novads"
296, Lādezera pamatskola," Agru iela 4, Lādezers, Limbažu pagasts, Limbažu novads"
304, Lādezera pamatskola," Skolas iela 1, Lādezers, Limbažu pagasts, Limbažu novads"
714, Lāču pamatskola," Muzeja iela 2, Lociki, Naujenes pagasts, Augšdaugavas novads"
133, Lēdmanes pamatskola," “Lēdmanes skola”, Lēdmane,  Ogres novads"
497, Lībagu sākumskola," ""Lībagu sākumskola"", Dižstende, Lībagu pagasts, Talsu novads"
564, Līvbērzes pamatskola," Skolas iela 10, Līvbērze, Līvbērzes pagasts, Jelgavas novads"
740, Līvānu 1. vidusskola," Rīgas iela 101, Līvāni, Līvānu novads"
747, Līvānu 1. vidusskola," Zaļā iela 43, Līvāni, Līvānu novads"
749, Līvānu 2. vidusskola," Rīgas iela 113/117, Līvāni, Līvānu novads"
614, Lūcijas Rancānes Makašānu Amatu vidusskola," Makašānu Amatu Vidusskola, Iugulova, Vērēmu pagasts, Rēzeknes novads"
127, Madlienas vidusskola," Skola, Madliena, Madlienas pagasts, Ogres novads"
676, Madonas Valsts ģimnāzija," Valdemāra bulvāris 2A, Madona, Madonas novads"
966," Madonas novada bērnu un jauniešu ārpusģimenes aprūpes un atbalsta centrs ""Ozoli"""," Jaunatnes iela 1, Ozoli, Liezēres pagasts, Madonas novads"
884, Madonas novada pašvaldības Dzelzavas pagasta pansionāts," Grāveri 1, Dzelzavas pagasts, Madonas novads"
666, Madonas novada pašvaldības Mārcienas pansionāts," Meža iela 24, Mārciena, Mārcienas pagasts, Madonas novads"
662, Madonas novada Ļaudonas pagasta pārvaldes Ļaudonas pansionāts," Avotu iela 3, Ļaudona, Ļaudonas pagasts, Madonas novads"
630, Madonas pilsētas vidusskola," Valdemāra bulvāris 6, Madona, Madonas novads"
111, Majoru vidusskola," Rīgas iela 3, Jūrmala"
488, Malienas pamatskola," ""Brenci 7"", Brenci, Malienas pagasts, Alūksnes novads"
923, Maltas vidusskola," ""Liepu Pamatskola"", Laizāni, Ozolaines pagasts, Rēzeknes novads"
922, Maltas vidusskola," Skolas iela 5, Malta, Maltas pagasts, Rēzeknes novads"
921, Maltas vidusskola," Sporta iela 5, Malta, Maltas pagasts, Rēzeknes novads"
600, Matīšu pamatskola," Skolas iela 22, Matīši, Matīšu pagasts, Valmieras novads"
473, Mazsalacas vidusskola," ""Parka 30"", Mazsalacas pagasts, Valmieras novads"
222, Mazzalves pamatskola," Skolas iela 1, Ērberģe, Mazzalves pagasts, Aizkraukles novads"
223, Mazzalves pamatskola," Skolas iela 2B, Ērberģe,  Mazzalves pagasts, Aizkraukles novads"
769, Medumu speciālā pamatskola," Ilgas iela 15, Medumi, Medumu pagasts, Augšdaugavas novads"
768, Medumu speciālā pamatskola," Sventes vidusskola, Alejas iela 20, Medumi, Medumu pagasts, Augšdaugavas novads"
859, Mežciema pamatskola," Hipokrāta iela 31, Rīga"
225, Mežinieku pamatskola," Skolas iela 2, Jaunbērze, Jaunbērzes pagasts, Dobeles novads"
479, Mežupes pamatskola," Purmsātu Muiža, Purmsāti, Virgas pagasts, Dienvidkurzemes novads"
726, Mežvidu pamatskola," ""Skola"", Mežvidi, Mežvidu pagasts, Ludzas novads"
634, Mežāres pamatskola," Mežāres pamatskola, Mežāre, Mežāres pagasts, Jēkabpils novads"
163, Misas pamatskola," Saules iela 6, Misa, Vecumnieku pagasts, Bauskas novads"
621, Mores pamatskola," Siguldas Iela 3, More, Mores pagasts, Siguldas novads"
622, Mores pamatskola," Siguldas iela 15, More, Mores pagasts, Siguldas novads"
1002, Murjāņu sporta ģimnāzija," Jaunā iela 64A, Jūrmala"
214, Murjāņu sporta ģimnāzija," Klintslejas 4, Murjāņi, Saulkrastu novads"
309," Mālpils novada pašvaldības aģentūras ""Mālpils sociālais dienests"" Mālpils sociālās aprūpes centrs"," Garkalnes iela 8, Mālpils, Mālpils pagasts, Siguldas novads"
672, Mālpils vidusskola," Sporta iela 1, Mālpils, Siguldas novads"
134, Mārupes Valsts ģimnāzija," Kantora iela 97, Mārupe, Mārupes pagasts, Mārupes novads"
125, Mārupes novada Skultes sākumskola," Skultes iela 25, Skulte, Mārupes pagasts, Mārupes novads"
245, Mārupes novada pašvaldības Salas sākumskola," ""Pakalni”, Salas pagasts, Mārupes novads"
950, Mārupes pamatskola," Viskalnu iela 3, Tīraine, Mārupes pagasts, Mārupes novads"
248, Mārupes pamatskola," Viskalnu iela 7, Tīraine, Mārupes pagasts, Mārupes novads"
255, Māteru Jura Kazdangas pamatskola," Kazdanga, Kazdangas pagasts, Dienvidkurzemes novads"
727, Mērdzenes pamatskola," Skolas iela 1, Mērdzene, Mērdzenes pagasts, Ludzas novads"
501, Mērsraga vidusskola," Skolas iela 8, Mērsrags, Talsu novads"
715, Naujenes pamatskola," Stacijas iela 8, Naujene, Naujenes pagasts, Augšdaugavas novads"
660, Naukšēnu vidusskola," ""Naukšēnu vidusskola"", Naukšēni, Naukšēnu pagasts, Valmieras novads"
783, Nautrēnu vidusskola," ""Vidusskola"", Rogovka, Nautrēnu pagasts, Rēzeknes novads"
784, Nautrēnu vidusskola," Rītupes iela 25, Bērzgale, Bērzgales pagasts, Rēzeknes novads"
411, Neretas Jāņa Jaunsudrabiņa vidusskola," Dzirnavu iela 4, Nereta, Neretas pagasts, Aizkraukles novads"
412, Neretas Jāņa Jaunsudrabiņa vidusskola," Ziedugravas iela 11, Nereta, Neretas pagasts, Aizkraukles novads"
413, Neretas Sociālās aprūpes centrs," Rīgas iela 6, Nereta, Neretas pagasts, Aizkraukles novads"
401, Nīcas vidusskola," Skolas iela 14, Nīca, Nīcas pagasts, Dienvidkurzemes novads"
205, Nīgrandes pagasta Kalnu vidusskola,"  Ventas Iela 1, Nīgrande, Nīgrandes pagasts, Saldus novads"
206, Nīgrandes pagasta Kalnu vidusskola," Kalnu iela 4, Kalni, Nīgrandes pagasts, Saldus novads"
370, Nīkrāces pamatskola," Dārza iela 3, Dzelda, Nīkrāces pagasts, Kuldīgas novads"
263, Nītaures Mūzikas un mākslas pamatskola," ""Nītaures skola"", Nītaure, Nītaures pagasts, Cēsu novads"
541, Ogres 1. vidusskola," Zinību iela 3, Ogre, Ogres novads"
188, Ogres Valsts ģimnāzija," Meža prospekts 14, Ogre, Ogres novads"
539, Ogres sākumskola," Meža prospekts 14/1, Ogre, Ogres novads"
244, Ogres tehnikums," ""Ogres meža tehnikums"", Aizupes, Tīnūžu pagasts, Ogres novads"
154, Ogresgala pamatskola," Nākotnes iela 4, Ogresgala pagasts, Ogres novads"
269, Ojāra Vācieša Gaujienas pamatskola," ""Gaismas - 1"", Gaujiena, Gaujienas pagasts, Smiltenes novads"
250, Olaines 1. vidusskola," Meža iela 2, Jaunolaine, Olaines novads"
249, Olaines 1. vidusskola," Zeiferta iela 4, Olaine, Olaines novads"
273, Olaines 2. vidusskola," Skolas  iela 1, Olaine, Olaines novads"
252," Olaines novada pašvaldības aģentūras ""Olaines sociālais dienests"" struktūrvienības Sociālās aprūpes nodaļa Sociālās aprūpes centrs","  Zeiferta iela 8, Olaine, Olaines novads"
516, Oskara Kalpaka Liepājas 15. vidusskola,"	Oskara Kalpaka iela 96, Liepāja"
559, Ozolnieku vidusskola," Jelgavas iela 35, Ozolnieki, Jelgavas novads"
474, Padures pamatskola," Skola, Padure, Lažas pagasts, Dienvidkurzemes novads"
519, Palsmanes pamatskola," ""Pamatskola"", Palsmane, Palsmanes pagasts, Smiltenes novads"
71," Pamatskola ""Rīdze"""," Krišjāņa Valdemāra iela 2, Rīga"
902, Pamūšas speciālā pamatskola,"	""Pamūšas Skola"", Gailīšu pagasts, Bauskas novads"
460, Pastendes pamatskola," Skolas iela 1, Pastende, Ģibuļu pagasts, Talsu novads"
470," Pašvaldības iestāde Veco ļaužu mītne ""Sprīdīši"""," ""Mazsprīdīši"", Salacgrīvas pagasts, Limbažu novads"
266, Pededzes pamatskola," ""Rūķi"", Pededzes pagasts, Alūksnes novads"
682, Pelēču pamatskola," Skolas iela 4, Pelēči, Pelēču pagasts, Preiļu novads"
230, Penkules pamatskola," ""Skola"", Penkule, Penkules pagasts, Dobeles novads"
760, Pildas pamatskola," ""Skola"", Pilda, Pildas pagasts, Ludzas novads"
830, Pilsrundāles vidusskola," ""Pilsrundāles Vidusskola"", Pilsrundāle, Rundāles pagasts, Bauskas novads"
455, Piltenes pamatskola," Lielā iela 13, Piltene, Ventspils novads"
453, Popes pamatskola," ""Popes pamatskola"", Pope, Popes pagasts, Ventspils novads"
578, Praulienas pamatskola," ""Pilsdārzi"", Prauliena, Praulienas pagasts, Madonas novads"
637, Preiļu 1. pamatskola," Daugavpils iela 34, Preiļi, Preiļu novads"
641, Preiļu 2. vidusskola," Andreja Paulāna iela 2, Preiļi, Preiļu novads"
643," Preiļu novada Labklājības pārvaldes pansionāts ""Preiļi"""," Raiņa bulvāris 13, Preiļi, Preiļu novads"
478, Priekules vidusskola," Aizputes iela 1, Priekule, Dienvidkurzemes novads"
195, Priekuļu vidusskola," Cēsu prospekts 46, Priekuļi, Cēsu novads"
652, Priežmalas pamatskola," Skolas iela 6, Priežmale, Kastuļinas pagasts, Krāslavas novads"
692," Profesionālās izglītības kompetences centrs ""Daugavpils Dizaina un mākslas vidusskola"""," Saules iela 2, Daugavpils"
693," Profesionālās izglītības kompetences centrs ""Daugavpils Dizaina un mākslas vidusskola"""," Saules iela 8, Daugavpils"
409," Profesionālās izglītības kompetences centrs ""Liepājas Mūzikas"," mākslas un dizaina vidusskola"", Alejas iela 18, Liepāja"
406," Profesionālās izglītības kompetences centrs ""Liepājas Mūzikas"," mākslas un dizaina vidusskola"", Ausekļa iela 11/15, Liepāja"
407," Profesionālās izglītības kompetences centrs ""Liepājas Mūzikas"," mākslas un dizaina vidusskola"", Radio iela 8, Liepāja"
408," Profesionālās izglītības kompetences centrs ""Liepājas Mūzikas"," mākslas un dizaina vidusskola"", Toma iela 23/25, Liepāja"
399," Profesionālās izglītības kompetences centrs ""Liepājas Valsts tehnikums"""," Ventspils iela 51, Liepāja"
400," Profesionālās izglītības kompetences centrs ""Liepājas Valsts tehnikums"""," Vānes iela 4, Liepāja"
1028," Profesionālās izglītības kompetences centrs ""Nacionālā Mākslu vidusskola"""," Jaņa Rozentāla Mākslas skola, Hāmaņa iela 2a, Rīga"
818," Profesionālās izglītības kompetences centrs ""Nacionālā Mākslu vidusskola"""," Rīgas Baleta skola,  Kalnciema iela 12, Rīga"
816," Profesionālās izglītības kompetences centrs ""Nacionālā Mākslu vidusskola"""," Rīgas Doma kora skola, Meža iela 15, Rīga"
945," Profesionālās izglītības kompetences centrs ""Rīgas Dizaina un mākslas vidusskola"""," Krišjāņa Valdemāra iela 139, Rīga"
955," Profesionālās izglītības kompetences centrs ""Rīgas Dizaina un mākslas vidusskola"""," Lāčplēša iela 55, Rīga"
896," Profesionālās izglītības kompetences centrs ""Rīgas Tehniskā koledža"""," Braslas iela 16, Rīga"
961," Profesionālās izglītības kompetences centrs ""Rīgas Tehniskā koledža"""," Lēdmales iela 3, Rīga"
811," Profesionālās izglītības kompetences centrs ""Rīgas Valsts tehnikums"""," Aronsona iela 3, Krāslava, Krāslavas novads"
957," Profesionālās izglītības kompetences centrs ""Rīgas Valsts tehnikums"""," Dārzciema iela 70, Rīga"
958," Profesionālās izglītības kompetences centrs ""Rīgas Valsts tehnikums"""," Krišjāņa Valdemāra iela 1C, Rīga"
471," Profesionālās izglītības kompetences centrs ""Rīgas Valsts tehnikums"""," Zeļļu iela 9, Limbaži, Limbažu novads"
109, Pumpuru vidusskola," Kronvalda iela 8, Jūrmala"
459, Puzes pamatskola," ""Puzes pamatskola"", Blāzma, Puzes pagasts, Ventspils novads"
795, Puškina licejs," Sarkandaugavas iela 22, Rīga"
725, Pušmucovas pamatskola," Skolas iela 5, Pušmucova, Pušmucovas pagasts, Ludzas novads"
299, Pāles pamatskola," Skolotāju iela 4, Pāle, Pāles pagasts, Limbažu novads"
422, Pāvilostas pamatskola," Dzintaru iela 52, Pāvilosta, Dienvidkurzemes novads"
381, Pērses sākumskola," Pērses pamatskola, Irši, Iršu pagasts, Aizkraukles novads"
120, Pļaviņu vidusskola," Daugavas iela 101, Pļaviņas, Aizkraukles novads"
246, Pļavniekkalna sākumskola," Pļavniekkalna iela 20, Katlakalns, Ķekavas pagasts, Ķekavas novads"
344, Pūres pamatskola,"  ""Jaunsātu Skola"", Jaunsātu pagasts, Tukuma novads"
345, Pūres pamatskola," ""Skola"", Pūres pagasts, Tukuma novads"
490, Pūņu pamatskola,"  ""Pūņu Pamatskola"", Pūņas, Valdgales pagasts, Talsu novads"
845, RTU inženierzinātņu vidusskola," Kronvalda bulvāris 1, Rīga"
764, Randenes pamatskola," Vārpas iela 2, Randene, Kalkūnes pagasts, Augšdaugavas novads"
432, Rankas pamatskola," Ogres tehnikums, Skolas iela 5, Ranka, Rankas pagasts, Gulbenes novads"
527, Raunas pamatskola," Skolas iela 1, Rauna, Raunas pagasts, Smiltenes novads"
526, Raunas pamatskola," Skolas iela 7, Drustu pagasts, Smiltenes novads"
323, Rekavas vidusskola," Skolas iela 1, Šķilbēnu pagasts, Balvu novads"
200, Remtes pamatskola," ""Remtes pils"", Remte, Saldus novads - skola slēgta"
364, Rencēnu pamatskola," Parka iela 1, Rencēni, Rencēnu pagasts, Valmieras novads"
678, Riebiņu vidusskola," Liepu iela 21, Riebiņi, Riebiņu pagasts, Preiļu novads"
807, Robežnieku pamatskola," Skolas Iela 1, Robežnieki, Robežnieku pagasts, Krāslavas novads"
503, Rojas vidusskola," Zvejnieku iela 7, Roja, Rojas pagasts, Talsu novads"
316, Ropažu vidusskola," Rīgas iela 5, Ropaži, Ropažu pagasts, Ropažu novads"
585, Ropažu vidusskola," Skolas iela 3, Zaķumuiža, Ropažu novads"
755, Rožupes pamatskola," Skolas iela 2, Rožupe, Rožupes pagasts, Līvānu novads"
601, Rubenes pamatskola," Valmieras iela 1, Rubene, Kocēnu pagasts, Valmieras novads"
538, Rubeņu pamatskola," ""Rubeņu skola"", Rubeņi, Rubenes pagasts, Jēkabpils novads"
500, Rucavas pamatskola," Rucavas pamatskola, Rucava, Rucavas pagasts, Dienvidkurzemes  novads"
754, Rudzātu speciālā pamatskola," Skola, Lūzenieki, Rudzātu pagasts, Līvānu novads"
753, Rudzātu vidusskola," Miera iela 13, Rudzāti, Rudzātu pag., Līvānu novads"
331, Rugāju vidusskola," Kurmenes iela 87, Rugāji, Rugāju pagasts, Balvu novads"
332, Rugāju vidusskola," Liepu iela 4, Rugāji, Rugāju pagasts, Balvu novads"
573, Rāmuļu pamatskola," Rāmuļu skola, Rāmuļi, Vaives pagasts, Cēsu novads"
907, Rēzeknes 2. vidusskola," Dārzu iela 17, Rēzekne"
869, Rēzeknes 3. vidusskola," 18. novembra iela 33, Rēzekne"
654, Rēzeknes 4. vidusskola," Viļānu iela 2, Rēzekne"
746, Rēzeknes 5. vidusskola," Rūpnīcas iela 11, Rēzekne"
903, Rēzeknes 6. pamatskola," Kosmonautu iela 6, Rēzekne"
867, Rēzeknes Mākslas un dizaina vidusskola," Baznīcas iela 34a, Rēzekne"
745, Rēzeknes Valsts 1. ģimnāzija," Dzirnavu iela 3A, Rēzekne"
948, Rēzeknes novada speciālā pamatskola," Ezera iela 23, Vecružina, Silmalas pagasts, Rēzeknes novads"
947, Rēzeknes novada speciālā pamatskola," Kalnu iela 4, Malta, Maltas pagasts, Rēzeknes novads"
946, Rēzeknes novada speciālā pamatskola," Rozentovas iela 9, Malta, Maltas pagasts, Rēzeknes novads"
881, Rēzeknes pamatskola - attīstības centrs," F. Varslavāna iela 5, Rēzekne"
589," Rēzeknes pilsētas domes pārvaldes ""Sociālais dienests"" Pensionāru sociālo pakalpojumu centrs"," Rēznas iela 41, Rēzekne"
748, Rēzeknes sākumskola," Kaļķu iela 12, Rēzekne"
940, Rēzeknes tehnikums," Jupatovkas iela 22, Jupatovka, Griškānu pagasts, Rēzeknes novads"
758, Rēzeknes tehnikums," Kalna iela 4, Zilupe, Zilupes pagasts, Ludzas novads"
939, Rēzeknes tehnikums," Varoņu iela 11A, Rēzekne"
785, Rēzeknes valsts poļu ģimnāzija," Lubānas iela 49, Rēzekne"
782, Rēznas pamatskola," Skolas iela 2, Stoļerova, Stoļerovas pagasts, Rēzeknes novads"
1006, Rīgas 1. Kristīgā pamatskola," Augusta Deglava iela 3, Rīga"
1027, Rīgas 1. pamatskola - attīstības centrs," Ģertrūdes iela 18, Rīga"
799, Rīgas 10. vidusskola," Lenču iela 1, Rīga"
798, Rīgas 13. vidusskola," Pulkveža Brieža iela 25, Rīga"
996, Rīgas 15. vidusskola," Visvalža iela 9, Rīga"
796, Rīgas 18. vidusskola," Sīmaņa iela 14, Rīga"
991, Rīgas 2. pamatskola," Ludzas iela 43, Rīga"
878, Rīgas 21. vidusskola," Tomsona iela 35, Rīga"
842, Rīgas 22. vidusskola," Bruņinieku iela 10, Rīga"
848, Rīgas 25. vidusskola," Rušonu iela 6, Rīga"
794, Rīgas 28. vidusskola," Sliežu iela 23, Rīga"
1004, Rīgas 3. arodskola," Dzirnavu iela 117, Rīga"
824, Rīgas 3. pamatskola," Telts iela 2A, Rīga"
825, Rīgas 3. pamatskola," Āpšu iela 24, Rīga"
1020, Rīgas 31. vidusskola," Skuju iela 11, Rīga"
814, Rīgas 33. vidusskola," Stūrmaņu iela 23, Rīga"
734, Rīgas 34. vidusskola," Kandavas iela 4, Rīga"
735, Rīgas 34. vidusskola," Vircavas iela 7, Rīga"
862, Rīgas 4. pamatskola," Tirzas iela 2, Rīga"
79, Rīgas 40. vidusskola," Akas iela 10, Rīga"
1031, Rīgas 40. vidusskola," Tērbatas iela 15/17, Rīga"
1024, Rīgas 41. vidusskola," Slokas iela 49A, Rīga"
864, Rīgas 45. vidusskola," Gaujas iela 23, Rīga"
865, Rīgas 45. vidusskola," Lībekas iela 27, Rīga"
866, Rīgas 45. vidusskola," Ropažu iela 34, Rīga"
792, Rīgas 46. vidusskola," Skuju iela 28, Rīga"
835, Rīgas 47. vidusskola," Skaistkalnes iela 7, Rīga"
879, Rīgas 49. vidusskola," Krišjāņa Valdemāra iela 65, Rīga"
89, Rīgas 5. pamatskola - attīstības centrs," Brīvības gatve 384A, Rīga"
847, Rīgas 51. vidusskola," Maskavas iela 262, Rīga"
931, Rīgas 6. vidusskola," Aleksandra Čaka iela 102, Rīga"
932, Rīgas 6. vidusskola," Matīsa iela 37/39, Rīga"
990, Rīgas 63. vidusskola," Baltezera iela 6, Rīga"
992, Rīgas 63. vidusskola," Pāles iela 9, Rīga"
23, Rīgas 64. vidusskola," Burtnieku iela 34, Rīga"
850, Rīgas 65. pamatskola," Prūšu iela 32, Rīga"
813, Rīgas 66. vidusskola," Katrīnas iela 4, Rīga"
712, Rīgas 69. pamatskola," Imantas iela 11A, Rīga"
889, Rīgas 7. pamatskola," Jaunciema 4. šķērslīnija 4, Rīga"
707, Rīgas 71. vidusskola," Grīvas iela 26, Rīga"
708, Rīgas 71. vidusskola," Iļģuciema iela 6, Rīga"
849, Rīgas 72. vidusskola," Ikšķiles iela 6, Rīga"
855, Rīgas 74. vidusskola," Induļa iela 4, Rīga"
851, Rīgas 75. vidusskola," Ogres iela 9, Rīga"
858, Rīgas 80. vidusskola," Andromedas gatve 11, Rīga"
994, Rīgas 84. vidusskola," Lielvārdes iela 141, Rīga"
1007, Rīgas 85. vidusskola," Purvciema iela 23A, Rīga"
853, Rīgas 86. vidusskola," Jankas Kupalas Rīgas Baltkrievu pamatskola, Ilūkstes iela 10, Rīga"
854, Rīgas 88. vidusskola," Ilūkstes iela 30, Rīga"
860, Rīgas 89. vidusskola," Hipokrāta iela 27, Rīga"
861, Rīgas 9. vidusskola," Stāmerienas iela 8, Rīga"
1022, Rīgas 92. vidusskola," Ulbrokas Iela 3, Rīga"
999, Rīgas 93. vidusskola," Sesku iela 72, Rīga"
833, Rīgas 95. vidusskola," Bruknas iela 3, Rīga"
832, Rīgas 95. vidusskola," Bruknas iela 5, Rīga"
732, Rīgas 96. vidusskola," Auru iela 6A, Rīga"
831, Rīgas Angļu ģimnāzija," Zvārdes iela 1, Rīga"
733, Rīgas Anniņmuižas vidusskola," Kleistu iela 14, Rīga"
819, Rīgas Arkādijas vidusskola," Melnsila iela 6, Rīga"
821, Rīgas Arkādijas vidusskola," Pārslas iela 14, Rīga"
925, Rīgas Austrumu pamatskola," Viļānu iela 13, Rīga"
820, Rīgas Baltmuižas pamatskola," Baltā iela 22, Rīga"
736, Rīgas Bolderājas Jaunā pamatskola," Miglas Iela 9, Rīga"
953, Rīgas Celtniecības koledža," Gaiziņa iela 3, Rīga"
1025, Rīgas Centra daiļamatniecības pamatskola," Aspazijas bulvāris 34, Rīga"
74, Rīgas Centra humanitārā vidusskola," Krišjāņa Barona iela 116, Rīga"
1033, Rīgas Centra humanitārā vidusskola," Krišjāņa Barona iela 97A, Rīga"
987, Rīgas Daugavas pamatskola," Aglonas iela 57, Rīga"
737, Rīgas Daugavgrīvas vidusskola," Parādes iela 5C, Rīga"
28, Rīgas Franču licejs," Krišjāņa Valdemāra iela 48, Rīga"
1039, Rīgas Franču licejs," Mēness iela 8, Rīga"
877, Rīgas Hanzas vidusskola," Grostonas iela 5, Rīga"
834, Rīgas Igauņu pamatskola," Atgāzenes iela 26, Rīga"
710, Rīgas Imantas vidusskola," Kurzemes prospekts 158, Rīga"
856, Rīgas Itas Kozakēvičas Poļu vidusskola," Nīcgales iela 15, Rīga"
875, Rīgas Juglas vidusskola," Kvēles iela 64, Rīga (pirms ēkas remonta - dati līdz 2022.g. jūnijam)"
876, Rīgas Juglas vidusskola," Malienas iela 89, Rīga"
874, Rīgas Juglas vidusskola," Skrudalienas iela 1, Rīga"
797, Rīgas Kultūru vidusskola," Ganību dambis 7, Rīga"
983, Rīgas Lietuviešu vidusskola," Prūšu iela 5, Rīga"
982, Rīgas Mākslas un mediju tehnikums," Jūrmalas gatve 96, Rīga"
76, Rīgas Natālijas Draudziņas vidusskola," Bruņinieku iela 24A, Rīga"
711, Rīgas Ostvalda vidusskola," Dammes iela 20, Rīga"
857, Rīgas Purvciema vidusskola," Detlava Brantkalna iela 5, Rīga"
838, Rīgas Pārdaugavas pamatskola," Kartupeļu iela 2, Rīga"
926, Rīgas Pļavnieku pamatskola," Jāņa Grestes iela 14, Rīga"
938, Rīgas Raiņa vidusskola," Avotu iela 44, Rīga"
933, Rīgas Raiņa vidusskola," Krišjāņa Barona iela 71, Rīga"
930, Rīgas Reinholda Šmēlinga vidusskola," Gaiziņa iela 1, Rīga"
916, Rīgas Rīnūžu vidusskola," Ziemeļblāzmas iela 88, Rīga"
1001, Rīgas Sergeja Žoltoka pamatskola," Vietalvas iela 15, Rīga"
960, Rīgas Stila un modes tehnikums," Ūdeļu iela 22, Rīga"
918, Rīgas Stradiņa universitātes Sarkanā Krusta medicīnas koledža," Jāņa Asara iela 5, Rīga"
873, Rīgas Strazdumuižas vidusskola - attīstības centrs," Braiļa iela 24, Rīga"
251," Rīgas Tehniskās universitātes aģentūra ""Rīgas Tehniskās universitātes Olaines Tehnoloģiju koledža"""," Zeiferta iela 2, Olaine, Olaines noavds"
944, Rīgas Teikas vidusskola," Aizkraukles iela 14, Rīga"
920, Rīgas Tirdzniecības profesionālā vidusskola," Tomsona iela 3/5, Rīga"
90, Rīgas Ukraiņu vidusskola," Visvalža iela 4, Rīga"
927, Rīgas Valda Avotiņa pamatskola," Salaspils iela 14, Rīga"
1021, Rīgas Valda Zālīša sākumskola," Kalpaka bulvāris 8, Rīga"
815, Rīgas Valdorfskola," Baltā iela 10, Rīga"
1003, Rīgas Valsts 1. ģimnāzija," Raiņa bulvāris 8, Rīga"
844, Rīgas Valsts 2. ģimnāzija," Valdemāra iela 1, Rīga"
846, Rīgas Valsts 3. ģimnāzija," Grēcinieku iela 10, Rīga"
54, Rīgas Valsts klasiskā ģimnāzija," Purvciema iela 38, Rīga"
92, Rīgas Valsts vācu ģimnāzija," Āgenskalna iela 21, Rīga"
827, Rīgas Ziemeļvalstu ģimnāzija," Apuzes iela 66, Rīga"
826, Rīgas Ziemeļvalstu ģimnāzija," Paula Lejiņa iela 12, Rīga"
101, Rīgas Ziepniekkalna vidusskola," Ozolciema iela 26, Rīga"
1029, Rīgas Ziepniekkalna vidusskola," Īslīces iela 4, Rīga"
53, Rīgas Zolitūdes ģimnāzija," Ruses iela 22, Rīga"
1009," Rīgas pašvaldības Bērnu un jauniešu centra struktūrvienība ""Apīte"""," Apes iela 8, Rīga"
1012," Rīgas pašvaldības Bērnu un jauniešu centra struktūrvienība ""Ezermala"""," Ezermalas iela 36, Rīga"
1015," Rīgas pašvaldības Bērnu un jauniešu centra struktūrvienība ""Imanta"""," Imantas 7. līnija 4, Rīga"
1017," Rīgas pašvaldības Bērnu un jauniešu centra struktūrvienība ""Imanta"""," Mežrozīšu iela 54, Rīga"
1018," Rīgas pašvaldības Bērnu un jauniešu centra struktūrvienība ""Vita"""," Kalnciema iela 131, Rīga"
1013," Rīgas pašvaldības Bērnu un jauniešu centra struktūrvienība ""Ziemeļi"""," Sudrabu Edžus iela 11, Rīga"
1014," Rīgas pašvaldības Bērnu un jauniešu centra struktūrvienība ""Ziemeļi"""," Sudrabu Edžus iela 11A, Rīga"
1011, Rīgas pašvaldības Bērnu un jauniešu centrs," Lubānas iela 17a, Rīga"
1010," Rīgas sociālās aprūpes centrs ""Gaiļezers"""," Hipokrāta iela 6, Rīga"
1008," Rīgas sociālās aprūpes centrs ""Mežciems"""," Malienas iela 3A, Rīga"
1016," Rīgas sociālās aprūpes centrs ""Stella maris"""," Birzes iela 54, Rīga"
843," Rīgas sākumskola ""Valodiņa"""," Krišjāņa Barona iela 25-36, Rīga"
1023, Rīgas Čiekurkalna pamatskola," Čiekurkalna 1. Līnija 53, Rīga"
837, Rīgas Ēbelmuižas pamatskola," Graudu iela 21, Rīga"
836, Rīgas Ēbelmuižas pamatskola," Saulkalnes iela 22, Rīga"
928, Rīgas Ķengaraga vidusskola," Maskavas iela 273, Rīga"
385, Rūjienas vidusskola," Rīgas iela 30, Rūjiena, Valmieras novads"
386, Rūjienas vidusskola," Skolas iela 24, Rūjiena, Valmieras novads"
534," SIA ""Aknīstes veselības un sociālās aprūpes centrs"""," Skolas iela 9, Aknīste, Jēkabpils novads"
302," SIA ""Alojas veselības aprūpes centrs"""," Rīgas iela 10, Aloja, Limbažu novads"
301," SIA ""Aprūpes nams ""Urga"""""," Urgas pansionāts, Braslavas pagasts, Limbažu novads"
998," SIA ""Bulduru Dārzkopības vidusskola"""," Viestura iela 6, Jūrmala"
508," SIA ""Dundagas veselības centrs"""," Pils iela 6, Dundaga, Dundagas pagasts, Talsu novads"
276," SIA ""Irlavas Sarkanā Krusta slimnīca"" Pieaugušo ilgstošās sociālās aprūpes un sociālās rehabilitācijas nodaļa"," ""Irlavas slimnīca"", Irlava, Irlavas pagasts, Tukuma novads"
751," SIA ""Līvānu slimnīca"" Ilgstošas sociālās aprūpes un sociālās rehabilitācijas strukrūrvienība"," Zaļā iela 44, Līvāni, Līvānu novads"
336," SIA ""Rehabilitācijas centrs ""Līgatne"" struktūrvienība ""Senioru māja"""," Skaļupes, Līgatnes pagasts, Cēsu novads"
472," SIA ""Rekreācijas centrs ""Vīķi"""""," ""Veckabi"", Staiceles pagasts, Limbažu novads"
890," SIA ""Varakļānu veselības aprūpes centrs"" Sociālās aprūpes nodaļa"," Pils iela 25A, Varakļāni, Varakļānu novads"
880," SIA ""Veselības centrs ""Ilūkste"""""," Raiņa iela 35, Ilūkste, Augšdaugavas novads"
882," SIA ""Veselības centrs Ilūkste"" Ilgstošas sociālās aprūpes un sociālās rehabilitācijas nodaļa ""Mūsmājas ""Dižkoks"""""," Mūsmājas Dižkoks, Dviete, Dvietes pagasts, Augšdaugavas novads"
887," SIA ""Veselības centrs Ilūkste"" sociālās aprūpes nodaļa Subate"," Sporta iela 20, Subate, Augšdaugavas novads"
545," SIA ""Viesītes veselības un sociālās aprūpes centrs"""," Smilšu iela 39, Viesīte, Jēkabpils novads"
759," SIA ""Zilupes veselības un sociālās aprūpes centrs"""," Priežu iela 9, Zilupe, Zilupes pagasts, Ludzas novads"
489, Sabiles pamatskola," Ventspils iela 17A, Sabile, Talsu novads"
590, Sakstagala Jāņa Klīdzēja pamatskola," Skolas Iela 13, Ciukori, Sakstagala pagasts, Rēzeknes novads"
908, Salacgrīvas vidusskola," Pērnavas iela 31, Salacgrīva, Limbažu novads"
681, Salas pamatskola," Salas pamatskola, Smelteri, Saunas pagasts, Preiļu novads"
366, Salas vidusskola," Alejas iela 7, Sala, Jēkabpils novads"
362, Salas vidusskola," Skolas iela 3, Sala, Jēkabpils novads"
380," Salaspils novada pašvaldības iestāde ""Salaspils 1. vidusskola"""," Ceru iela 1, Lauku iela 1, Salaspils, Salaspils novads"
379, Salaspils pamatskola," Skolas iela 6, Salaspils, Salaspils novads"
180, Saldus novada pašvaldības Druvas vidusskola," Skolas iela 2, Druva, Saldus pagasts, Saldus novads"
207, Saldus novada pašvaldības Ezeres pamatskola," Centra iela 5, Ezere, Ezeres pagasts, Saldus novads"
179, Saldus novada pašvaldības Lutriņu pamatskola," Skolas iela 1, Lutriņi, Lutriņu pagasts, Saldus novads"
208, Saldus novada pašvaldības Striķu sākumskola," ""Striķu skola"", Zvārdes pagasts, Saldus novads"
203, Saldus novada pašvaldības Zirņu pamatskola," ""Zirņu pamatskola"", Zirņi, Zirņu pagasts, Saldus novads"
446," Saldus novada pašvaldības aģentūras ""Sociālais dienests"" sociālās aprūpes centrs ""Ābeles"""," Ābeles, Lutriņi, Lutriņu pagasts, Salďus novads"
183, Saldus pamatskola," Lielā iela 31/35, Saldus, Saldus novads"
185, Saldus tehnikums," Kalnsētas iela 16, Saldus, Saldus novads"
186, Saldus tehnikums," Kalnsētas iela 24, Saldus, Saldus novads"
184, Saldus tehnikums," Kalnsētas iela 35, Saldus, Saldus novads"
552, Saldus vidusskola," Cieceres iela 6, Saldus, Saldus novads"
553, Saldus vidusskola," J. Rozentāla iela 19, Saldus, Saldus novads"
435, Salgales pamatskola," 1.Maija iela 9, Salgales pagasts, Jelgavas novads"
772, Salienas vidusskola," Centrāles iela 21, Saliena, Salienas pagasts, Augšdaugavas novads"
728, Salnavas pamatskola," Skolas iela 8, Salnava, Salnavas pagasts, Ludzas novads"
210, Saulkrastu novada vidusskola,"  Raiņa iela 6, Saulkrasti, Saulkrastu novads"
213, Saulkrastu novada vidusskola," Atpūtas iela 1, Zvejniekciems, Saulkrastu pagasts, Saulkrastu novads"
209, Saulkrastu novada vidusskola," Smilšu iela 3, Saulkrasti, Saulkrastu novads"
360, Seces pagasta pamatskola," ""Seces pamatskola"", Sece, Seces pagasts, Aizkraukles novads"
570, Sesavas pamatskola," Skolas iela 1, Sesava, Sesavas pagasts, Jelgavas novads"
898, Siguldas 1. pamatskola," Pulkveža Brieža iela 105, Sigulda, Siguldas novads"
310, Siguldas Valsts ģimnāzija," Ata Kronvalda iela 7, Sigulda, Siguldas novads"
701," Siguldas novada pašvaldības Sociālās aprūpes māja ""Gaismiņas"""," Gaismiņas, Stīveri, Allažu pagasts, Siguldas novads"
872, Siguldas pilsētas vidusskola," Krišjāņa Barona iela 10, Sigulda, Siguldas novads"
480, Sikšņu pamatskola," ""Sikšņu Pamatskola"", Sikšņi, Dunikas pagasts, Dienvidkurzemes novads"
774, Silenes pamatskola," Skolas iela 19, Silene, Skrudalienas pagasts, Augšdaugavas novads"
743, Skaistkalnes vidusskola," Rīgas iela 5, Skaistkalne, Skaistkalnes pagasts, Bauskas novads"
742, Skaistkalnes vidusskola," Skolas iela 5, Skaistkalne, Skaistkalnes pagasts, Bauskas novads"
365, Skrundas vidusskola," Liepājas iela 12, Skrunda, Kuldīgas novads"
289, Skujenes pamatskola," Skujenes skola, Skujenes pagasts, Cēsu novads"
116, Slokas pamatskola," Skolas iela 3, Jūrmala"
591, Smiltenes novada speciālā pamatskola," ""Speciālā internātskola"", Palsmane, Palsmanes pagasts, Smiltenes novads"
517, Smiltenes tehnikums," ""Alsviķu profesionālā skola"", Alsviķi, Alsviķu pagasts, Alūksnes novads"
520, Smiltenes tehnikums," ""Kalnamuiža 10"", Smiltenes pagasts, Smiltenes novads"
522, Smiltenes tehnikums," ""Kalnamuiža 12"", Smiltenes pagasts, Smiltenes novads"
524, Smiltenes tehnikums," ""Kalnamuiža 15"", Smiltenes pagasts, Smiltenes novads"
523, Smiltenes tehnikums," ""Kalnamuiža 3"", Smiltenes pagasts, Smiltenes novads"
521, Smiltenes tehnikums," ""Kalnamuiža 6"", Smiltenes pagasts, Smiltenes novads"
525, Smiltenes tehnikums," Pils iela 8, Smiltene, Smiltenes novads"
669, Smiltenes vidusskola," Dakteru iela 27, Smiltene, Smiltenes novads"
668, Smiltenes vidusskola," Dārza iela 17, Smiltene, Smiltenes novads"
625, Smiltenes vidusskola," Rīgas iela 16C, Smiltene, Smiltenes novads"
616, Smārdes pamatskola," ""Smārdes Pamatskola"", Smārde, Smārdes pagasts, Tukuma novads"
720," Sociālo pakalpojumu centrs ""Pīlādzis"""," Lielā iela 43, Kalupe, Kalupes pagasts, Augšdaugavas novads"
333," Sociālās aprūpes centrs  ""Siltais''"," Siltais, Līgo pagasts, Gulbenes novads"
388," Sociālās aprūpes centrs ""Lode"""," ""Pīlādzīts"", Lode, Lodes pagasts, Valmieras novads"
484," Sociālās aprūpes centrs ""Pīlādži"""," ""Saules"", Mālupe, Mālupes pagasts, Alūksnes novads"
547," Sociālās aprūpes centrs ""Pļaviņas"""," Daugavas iela 54, Pļaviņas, Aizkraukles novads"
346," Sociālās aprūpes centrs ""Rauda"""," Aprūpes Centrs, Rauda, Smārdes pagasts, Tukuma novads"
752," Sociālās aprūpes centrs ""Rožlejas"""," Draudzības laukums 1, Rožupe, Rožupes pagasts, Līvānu novads"
328," Sociālās aprūpes centrs ""Rugāji"""," Kurmenes iela 8, Rugāji, Rugāju pagasts, Balvu novads"
679," Sociālās aprūpes centrs ""Rušona"""," Gaiļmuiža, Rušonas pagasts, Preiļu novads"
146," Sociālās aprūpes centrs ""Tērvete"""," Mežmalieši, Tērvetes pagasts, Dobeles novads"
684," Sociālās aprūpes centrs ""Vārkava"""," Skolas iela 1, Vārkava, Vārkavas pagasts, Preiļu novads"
529," Sociālās aprūpes centrs ""Zemgale"""," Skolas iela 9, Ozolnieki, Ozolnieku pagasts, Jelgavas novads"
349," Sociālās aprūpes centrs ""Ziedugravas"""," Ziedugravas, Skrīveru pagasts, Aizkraukles novads"
741," Sociālās aprūpes centrs - pansionāts ""Pērle""","	Ulda Sproģa iela 9, Umurga, Umurgas pagasts, Limbažu novads"
295, Sociālās aprūpes centrs - pansionāts ''Pērle''," Sporta iela 4, Podciems, Katvaru pagasts, Limbažu novads"
839, Sociālās aprūpes māja Gauja," Gaujaslīču iela 5, Gauja, Inčukalna pagasts, Siguldas novads"
1000, Sociālās integrācijas valsts aģentūras Jūrmalas profesionālā vidusskola," Slokas iela 68, Jūrmala"
393," Sociālās korekcijas izglītības iestāde ""Naukšēni"""," ""Naukšēnu muiža"", Naukšēnu pagasts, Valmieras novads"
337, Spāres pamatskola,"''Spāres Muiža"", Spāre, Amatas pagasts, Cēsu novads"
685, Stacijas pamatskola," Skolas iela 12, Kubuli, Kubulu pagasts, Balvu novads"
905, Staiceles pamatskola," Sporta iela 4, Staicele, Limbažu novads"
910, Stalbes pamatskola," ""Iktes"", Stalbe, Stalbes pagasts, Cēsu novads"
436, Staļģenes vidusskola," Skolas iela 2, Staļģene, Jaunsvirlaukas pagasts, Jelgavas novads"
650, Staņislava Broka Daugavpils Mūzikas vidusskola," Kandavas iela 2a, Daugavpils"
168, Stelpes pamatskola," ""Stelpes pamatskola"", Stelpes pagasts, Bauskas novads"
498, Stendes pamatskola,"  Brīvības iela 15, Stende, Talsu novads"
318, Stopiņu pamatskola," Līdumnieku iela 10, Saurieši, Ropažu novads"
297, Straupes pamatskola," Mazstraupes pils, Straupes pagasts, Cēsu novads"
268, Strautiņu pamatskola," ""Strautiņu pamatskola"", Strautiņi, Alsviķu pagasts, Alūksnes novads"
279, Strenču pamatskola," Rīgas iela 13, Strenči, Valmieras novads"
280, Strenču pamatskola," Skolas laukums 2, Seda, Valmieras novads"
427, Stāķu pamatskola," Stāķi 7, Stradu pagasts, Gulbenes novads"
974, Suntažu vidusskola," Meža prospekts 9, Ogre"
973, Suntažu vidusskola," Suntažu vidusskola, Suntaži, Suntažu pagasts, Ogres novads"
767, Sventes vidusskola," Alejas iela 20, Medumi, Medumu pag., Augšdaugavas novads"
775, Sventes vidusskola," Daugavpils iela 1a, Svente, Sventes pagasts, Augšdaugavas novads"
334, Sveķu pamatskola," Aduliena, Jaungulbenes pagasts, Gulbenes novads"
233, Svētes pamatskolas," Vilces iela 6, Svēte, Svētes pagasts, Jelgavas novads"
215, Sējas pamatskola," Loja, Saulkrastu novads"
278, Sēmes pamatskola," Ezera iela 17, Sēme, Sēmes pagasts, Tukuma novads"
633, Sūnu pamatskola," Skolas iela 1, Kūkas, Kūku pagasts, Jēkabpils novads"
493, Talsu 2. vidusskola," Kārļa Mīlenbaha iela 32, Talsi, Talsu novads"
496, Talsu Valsts ģimnāzija," Brīvības iela 29, Talsi, Talsu novads"
986," Talsu novada pašvaldības iestāde pansionāts ""Lauciene"""," Pansionāts, Lauciene, Laucienes pagasts, Talsu novads"
495, Talsu novada vidusskola," Kārļa Mīlenbaha iela 30, Talsi, Talsu novads"
494, Talsu pamatskola," Gaismas iela 1, Talsi, Talsu novads"
131, Taurupes pamatskola,"  “Jaunā skola”, Līčupe, Mazozolu pagasts, Ogres novads"
132, Taurupes pamatskola," Vidusskola, Taurupes pagasts, Ogres novads"
129, Taurupes pamatskola," “Meņģeles Pamatskola”, Meņģele, Meņģeles pagasts, Ogres novads"
569, Teteles pamatskola," Skolas iela 10, Tetele, Cenu pagasts, Jelgavas novads"
321, Tilžas vidusskola," Raiņa iela 15, Tilža, Tilžas pagasts, Balvu novads"
335, Tirzas pamatskola," Tirzas pamatskola, Tirza, Tirzas pagasts, Gulbenes novads"
780, Tiskādu vidusskola," Parka iela 4, Vecružina, Silmalas pagasts, Rēzeknes novads"
518, Trapenes sākumskola," ""Skola"", Trapene, Trapenes pagasts, Smiltenes novads"
551, Trikātas pamatskola," ""Gaismaskalns"", Trikātas pagasts, Valmieras novads"
468, Tukuma 2. vidusskola," Raudas iela 16, Tukums, Tukuma novads"
347, Tukuma 3. pamatskola," Lielā iela 18, Tukums, Tukuma novads"
348, Tukuma E. Birznieka-Upīša 1. pamatskola," Lielā iela 9, Tukums, Tukuma novads"
467, Tukuma Raiņa Valsts ģimnāzija," J.Raiņa iela 3, Tukums, Tukuma novads"
313, Tukuma novada speciālās izglītības iestāde," ""Lamiņu Muiža"", Lamiņi, Pūres pagasts, Tukuma novads"
315, Tukuma novada speciālās izglītības iestāde," Raudas iela 6, Tukums, Tukuma novads"
277, Tumes pamatskola," ""Tumes"", Tume, Tumes pagasts, Tukuma novads"
254, Turlavas pamatskola," Turlava, Turlavas pagasts, Kuldīgas novads"
454, Tārgales pamatskola," ""Tārgales skola"", Tārgale, Tārgales pagasts, Ventspils novads"
537, Tīnūžu sākumskola," “Kalnliepas”, Tīnūži, Tīnūžu pagasts, Ogres novads"
452, Ugāles vidusskola," Skolas iela 5A, Ugāle, Ugāles pagasts, Ventspils novads"
317, Ulbrokas vidusskola," ""Ulbrokas vidusskola"", Vālodzes, Stopiņu pagasts, Ropažu novads"
303, Umurgas pamatskola," Skolas iela 3, Umurga, Umurgas pagasts, Limbažu novads"
509, Upesgrīvas pamatskola," Ozolu iela 2, Pastende, Talsu novads"
502, Upesgrīvas pamatskola," Upesgrīvas Skola, Uguņciems, Vandzenes pagasts, Talsu novads"
620, Upesleju sākumskola," Skolas Iela 12, Upeslejas,	Ropažu novads"
142, Uzvaras pamatskola," Sporta iela 3, Uzvara, Gailīšu pagasts, Bauskas novads"
457, Užavas pamatskola," ""Kalves"", Užava, Užavas pagasts, Ventspils novads"
421, V. Plūdoņa Kuldīgas vidusskola," Piltenes iela 25, Kuldīga, Kuldīgas novads"
893, Vaboles vidusskola," ""Vidussskola"", Vabole, Vaboles pagasts, Augšdaugavas novads"
894, Vaboles vidusskola," Mazā skola, Vabole, Vaboles pagasts, Augšdaugavas novads"
112, Vaivaru pamatskola," Skautu iela 2, Jūrmala"
372, Vaiņodes vidusskola," Avotu iela 4, Vaiņode, Vaiņodes pagasts, Dienvidkurzemes novads"
543, Valdemāra pamatskola," Valdemārskola, Jumprava, Jumpravas pagasts, Ogres novads"
492, Valdemārpils vidusskola," Skolas iela 3, Valdemārpils, Talsu novads"
128, Valkas Jāņa Cimzes ģimnāzija," Ausekļa iela 5, Valka, Valkas novads"
123, Valkas Jāņa Cimzes ģimnāzija," Raiņa iela 28A, Valka, Valkas novads"
167, Valles pamatskola," Rīgas iela 4, Valle, Valles pagasts, Bauskas novads"
283, Valmieras 2. vidusskola," Raiņa iela 11, Valmiera, Valmieras novads"
281, Valmieras 5. vidusskola," Raiņa iela 3, Valmiera, Valmieras novads"
284, Valmieras Dizaina un mākslas vidusskola," Purva iela 12, Valmiera, Valmieras novads"
358, Valmieras Gaujas krasta vidusskola - attīstības centrs," Leona Paegles iela 20, Valmiera, Valmieras novads"
356, Valmieras Gaujas krasta vidusskola - attīstības centrs," Leona Paegles iela 5, Valmiera, Valmieras novads"
361, Valmieras Pārgaujas Valsts ģimnāzija," Zvaigžņu iela 4, Valmiera, Valmieras novads"
593, Valmieras Pārgaujas sākumskola," Meža iela 12A, Valmiera, Valmieras novads"
355, Valmieras Valsts ģimnāzija," Leona Paegles iela 40, Valmiera, Valmieras novads"
282, Valmieras Viestura vidusskola," Viestura aleja 3, Valmiera, Valmieras novads"
658," Valmieras novada pašvaldības pansionāts ""Valmiera"""," Kauguru iela 3, Valmiera, Valmieras novads"
657," Valmieras novada pašvaldības pansionāts ""Valmiera"""," Rīgas iela 55, Valmiera, Valmieras novads"
353, Valmieras sākumskola," Leona Paegles iela 40A, Valmiera, Valmieras novads"
359, Valmieras tehnikums," Vadu iela 3, Valmiera, Valmieras novads"
651," Valsts SIA ""Daugavpils psihoneiroloģiskā slimnīca"" Ilgstošas sociālās aprūpes un sociālās rehabilitācijas institūcija"," Lielā Dārza iela 60/62, Daugavpils"
677," Valsts SIA ""Rīgas Tūrisma un radošās industrijas tehnikums """," Sporta iela 1, Preiļi, Preiļu novads"
943," Valsts SIA ""Rīgas Tūrisma un radošās industrijas tehnikums"""," Augusta Deglava iela 41A, Rīga"
942," Valsts SIA ""Rīgas Tūrisma un radošās industrijas tehnikums"""," Nīcgales iela 26, Rīga"
260," Valsts SIA ""Rīgas psihiatrijas un narkoloģijas centrs""  Ilgstošas sociālās aprūpes centrs ""Vecpiebalga"""," ""Greiveri"", Vecpiebalgas pagasts, Cēsu novads"
443," Valsts SIA ""Slimnīca ""Ģintermuiža"""" Ilgstošas sociālās aprūpes un sociālās rehabilitācijas nodaļa"," Filozofu iela 69 K-9, Jelgava"
919, Valsts policijas koledža," Ezermalas iela 10, Rīga"
217, Vangažu vidusskola," Gaujas iela 2, Vangaži, Ropažu novads"
892," Varakļānu novada pansionāts ""Varavīksne"""," Stirnienes muiža, Varakļānu pagasts, Varakļānu novads"
891, Varakļānu vidusskola," Jaunatnes iela 2, Varakļāni, Varakļānu novads"
632, Variešu sākumskola," Variešu sākumskola, Varieši, Variešu pagasts, Jēkabpils novads"
611, Variņu pamatskola," Oktobra iela 15, Variņi, Variņu pagasts, Smiltenes novads"
700," Veco ļaužu mītne ""Pēterupe"""," Pēterupe, Lode, Lēdurgas pagasts, Siguldas novads"
164," Veco ļaužu un invalīdu pansionāts ""Atvasara"""," ""Atvasaras"", Vecumnieki, Vecumnieku pagasts, Bauskas novads"
262, Vecpiebalgas vidusskola," Gaismas iela 2, Vecpiebalga, Vecpiebalgas pagasts, Cēsu novads"
870, Vecsaules pamatskola," ""Vecsaules Pamatskola"", Vecsaule, Vecsaules pagasts, Bauskas novads"
871, Vecsaules pamatskola," “Ozolaines Pamatskola”, Ozolaine, Vecsaules pagasts, Bauskas novads"
166, Vecumnieku vidusskola," Kalna iela 13A, Vecumnieki, Vecumnieku pagasts, Bauskas novads"
165, Vecumnieku vidusskola," Rīgas 24, Vecumnieki, Vecumnieku pagasts, Bauskas novads"
980, Ventspils Tehnikums," Saules iela 15, Ventspils"
868, Verēmu pamatskola," ""Verēmu Pamatskola"", Škeņeva, Verēmu pagasts, Rēzeknes novads"
802," Veselības un sociālās aprūpes centrs ""Dagda"""," Brīvības iela 29, Dagda, Krāslavas novads"
664, Vestienas pamatskola," Vestienas Muiža, Vestiena, Vestienas pagasts, Madonas novads (skola slēgta)"
912, Vidrižu pamatskola," Skolas iela 5, Vidriži, Vidrižu pagasts, Limbažu novads"
964, Vidrižu pamatskola," Skolas iela 8, Vidriži, Vidrižu pagasts, Limbažu novads"
258, Viduskurzemes pamatskola - attīstības centrs," Saules Stari, Pelči, Pelču pagasts, Kuldīgas novads"
259, Viduskurzemes pamatskola - attīstības centrs," Saules Stari, Pelču pils, Pelču pagasts, Kuldīgas novads"
687, Viduču pamatskola," Skolas iela 1, Semenova, Medņevas pagasts, Balvu novads"
194, Vidzemes Tehnoloģiju un dizaina tehnikums," Egļu gatve 9, Priekuļi, Priekuļu pagasts, Cēsu novads"
193, Vidzemes Tehnoloģiju un dizaina tehnikums," Valmieras iela 19, Cēsis, Cēsu novads"
416, Viesītes vidusskola," ""Rites pamatskola"", Cīruļi, Rites pagasts, Jēkabpils novads"
415, Viesītes vidusskola," Pavasara iela 6A, Viesīte, Jēkabpils novads"
414, Viesītes vidusskola," Vaļņu iela 7, Viesīte, Jēkabpils novads"
562, Vilces pamatskola," Madaru iela 2, Vilce, Vilces pagasts, Jelgavas novads"
561, Vilces pamatskola," Skolas iela 6, Vilce, Vilces pagasts, Jelgavas novads"
253, Vilgāles sākumskola," Snēpele, Snēpeles pagasts, Kuldīgas novads"
499, Virbu sākumskola," Torņu iela 21, Jaunpagasts, Virbu pagasts, Talsu novads"
441, Vircavas vidusskola," Jelgavas iela 2, Vircava, Vircavas pagasts, Jelgavas novads"
395, Vircavas vidusskola," Skolas iela 4, Platone, Platones pagasts, Jelgavas novads"
157," Vispārējā tipa pansionāts ""Madliena"""," Pansionāts, Madliena, Madlienas pagasts, Ogres novads"
324, Viļakas Valsts ģimnāzija," Pils iela 11, Viļaka, Balvu novads"
322, Viļakas sociālās aprūpes centrs," Parka iela 2, Viļaka, Balvu novads"
941, Viļānu vidusskola," Rēzeknes iela 1A, Viļāni, Rēzeknes novads"
718, Višķu sociālās aprūpes centrs," ""Rūpes"", Višķu tehnikums, Višķu pagasts, Augšdaugavas novads"
465, Vānes pamatskola," Prātnieki, Vāne, Vānes pagasts, Tukuma novads"
683, Vārkavas vidusskola," Skolas iela 4, Vārkava, Upmalas pagasts, Preiļu novads"
235, Vārmes pamatskola," Vārme, Vārmes pagasts, Kuldīgas novads"
972, Vērgales pamatskola," Skola, Vērgale, Vērgales pagasts, Dienvidkurzemes novads"
636, Vīpes pamatskola," Vīpes skola, Vīpes pagasts, Jēkabpils novads"
234, Z.A. Meierovica Kabiles pamatskola," Kabile, Kabiles pagasts, Kuldīgas novads"
466, Zantes pamatskola," Skolas iela 14, Zante, Zantes pagasts, Tukuma novads"
418, Zasas vidusskola," Zaļā iela 8, Zasa, Zasas pagasts, Jēkabpils novads"
264, Zaubes pamatskola," ""Bērzaines"", Zaube, Zaubes pagasts, Cēsu novads"
971, Zaļenieku komerciālā un amatniecības vidusskola," Baznīcas iela 2, Zaļenieki, Zaļenieku pagasts, Jelgavas novads"
970, Zaļenieku komerciālā un amatniecības vidusskola," Centra iela 3, Zaļenieki, Zaļenieku pagasts, Jelgavas novads"
275, Zemgales vidusskola," ""Zemgales Vidusskola"", Slampe, Slampes pagasts, Tukuma novads"
771, Zemgales vidusskola," Zemgale 16, Zemgale, Demenes pagasts, Augšdaugavas novads"
341, Zemītes sākumskola," ""Zemītes Pils"", Zemīte, Zemītes pagasts, Tukuma novads"
549, Zentas Mauriņas Grobiņas novada vidusskola," ""Kapsēdes Pamatskola"", Kapsēde, Medzes pagasts, Dienvidkurzemes novads"
548, Zentas Mauriņas Grobiņas novada vidusskola," Skolas Iela 1, Grobiņa, Dienvidkurzemes novads"
491, Ziemeru pamatskola," ""Pamatskola"", Māriņkalns, Ziemera pagasts, Alūksnes novads"
604, Ziemeļvidzemes pamatskola," Skolas iela 5, Vaidava, Vaidavas pagasts, Valmieras novads"
757, Zilupes vidusskola," Skolas iela 1, Zilupe, Zilupes pagasts, Ludzas novads"
603, Zinātņu vidusskola (Daugavpils 3. vsk) Raiņa iela 30, Daugavpils
162, Zālītes speciālā pamatskola," ""Brīviņi"", Iecavas pagasts,(skola slēgta)"
161, Zālītes speciālā pamatskola," Upes iela 8, Zālīte, Iecavas pagasts, Bauskas novads"
456, Zūru pamatskola," Skolas iela 10, Ventava, Vārves pagasts, Ventspils novads"
451, Ābeļu pamatskola," Ābeļi, Ābeļu pagasts, Jēkabpils novads"
962, Ādažu sākumskola," Attekas iela 16, Ādaži, Ādažu novads"
93, Ādažu vidusskola," Gaujas iela 30, Ādaži, Ādažu novads"
705, Āgenskalna Valsts ģimnāzija," Lavīzes iela 2A, Rīga"
706, Āgenskalna sākumskola," Kandavas iela 4 K-1, Rīga"
242, Ēdoles pamatskola," Ēdole, Ēdoles pagasts, Kuldīgas novads"
670," Ērgļu pašvaldības SIA ""Ērgļu slimnīca"" Sociālās aprūpes nodaļa"," Parka iela 7, Ērgļi, Ērgļu pagasts, Madonas novads"
580, Ērgļu sociālās aprūpes centrs," ''Kastaņas'', Sausnējas pagasts, Madonas novads"
581, Ērgļu sociālās aprūpes centrs," Parka iela 4, Ērgļi, Ērgļu pagasts, Madonas novads"
667, Ērgļu vidusskola," Oškalna iela 6, Ērgļi, Ērgļu pagasts, Madonas novads"
130, Ērģemes pamatskola," Ērģemes skola, Ērģemes pagasts, Valkas novads"
383," Ģimenes atbalsta centrs ""Dzeguzīte"""," Dzeguzīte 1, Irši, Iršu pagasts, Aizkraukles novads"
382," Ģimenes atbalsta centrs ""Dzeguzīte"""," Dzeguzīte, Irši, Iršu pagasts, Aizkraukles novads"
140, Īslīces pamatskola," Skolas iela 16, Bērzi, Īslīces pagasts, Bauskas novads"
158, Ķeguma komercnovirziena vidusskola," Skolas iela 10, Ķegums, Ogres novads"
126, Ķeipenes pamatskola," Ziedu iela 3, Ķeipenes pagasts, Ogres novads"
117, Ķekavas vidusskola," Gaismas iela 9, Ķekava, Ķekavas pagasts, Ķekavas novads"
118, Ķekavas vidusskola," Nākotnes iela 1A, Ķekava, Ķekavas pagasts, Ķekavas novads"
110, Ķemeru pamatskola," Tukuma iela 10, Jūrmala"
91, Š. Dubnova Rīgas Ebreju vidusskola," Miera iela 64, Rīga"
716, Špoģu vidusskola," Šosejas iela 3, Šproģi, Višķu pagasts, Augšdaugavas novads"
563, Šķibes pamatskola," Skolas iela 3, Nākotne, Glūdas pagasts, Jelgavas novads"
688, Šķilbēnu sociālās aprūpes māja," Rekavas iela 11, Šķilbēnu pagasts, Balvu novads"
686, Žīguru pamatskola," Parka iela 9, Žīguri, Žīguru pagasts, Balvu novads"
